Original Data,Normalized Data
33,-0.729027
43,-0.24835
65,0.80914
23,-1.2097
85,1.77049
40,-0.392553
