Total Entropy,Information Gain
0.9402859586706311,0.0013397424044413464
